{"Olivia_Bored-01.npy": [148.10419646708502, 206.65218082339248], "Theodora_Afraid-01.npy": [-133.4952201219641, 241.15652879277505], "Andria_Excited_v2-01.npy": [5.026645415890979, 85.85375300643915], "Olivia_Afraid.npy": [-269.3520300919967, -134.68720412675657], "Olivia_Tired-01.npy": [212.94628106403155, -23.64408892799865], "Ballet_Ioanna_Tacha_Piano.npy": [-49.10043430151703, 179.0294828206443], "Olivia_Pleased-01.npy": [220.95852933012065, 125.24162608715591], "Vasso_Afraid-01.npy": [-202.210804137531, 255.62752039190434], "Elena_Sad_v2-01.npy": [116.36026875478441, -74.28761970032531], "Vasso_Miserable-01.npy": [240.43553571665169, 265.9401898648084], "Vasso_Pleased-01.npy": [172.6851780653343, 165.5467572704412], "Andria_Afraid_v1-01.npy": [-156.46161224508865, 179.5631237322596], "Elena_Annoyed_v1-01.npy": [-190.86459769530202, 195.42383312346936], "Elena_Miserable_v2-01.npy": [-43.327689243938735, -56.82255138576863], "Elena_Pleased_v2-01.npy": [101.86067413614936, -76.2398921545696], "Sophie_Pleased-01.npy": [127.951360512542, 10.033202229674872], "Andria_Relaxed_v2-01.npy": [129.33251495589008, -93.71104018309859], "Olivia_Happy.npy": [-250.28972189643406, -366.23284246599945], "Vasso_Pleased_v1-01.npy": [125.79806269094786, -91.76158010519697], "Olivia_Sad_2-01.npy": [227.75918027080948, 84.84400874195772], "Vasso_Neutral_v4-01.npy": [34.60644214595865, -102.62073568710008], "Anna_Charalambous_Nervous.npy": [-69.93876185465355, -115.5663268332811], "Theodora_Pleased-01.npy": [-171.8035002934846, -440.5769303090416], "Andria_Miserable_v2-01.npy": [77.27603804096732, 48.47577980061569], "Sophie_Satisfied-01.npy": [282.2414809508305, 92.92797564325144], "Maritsa_Elia_Angry_3-01.npy": [-264.01294424156, -285.68258451075957], "Theodora_Bored_3-01.npy": [-79.73356115654923, 81.10315416384395], "Olivia_Excited.npy": [-123.77430069993093, -129.40884862477427], "Vasso_Miserable_v1-01.npy": [-22.547008446837516, -13.150754539733056], "Elena_Afraid_v2-01.npy": [-165.15718927583697, 180.17840757512823], "Andria_Pleased_v2-01.npy": [186.29501918577154, -81.67335280519877], "Vasso_Relaxed_v1-01.npy": [118.53968591315781, -197.30731013997098], "Vasso_Angry-01.npy": [-135.35802047491504, 212.95215335483005], "Elena_Angry_v2-01.npy": [-134.30714662660853, 244.7741452346767], "Andria_Annoyed_v1-01.npy": [-47.574479265498, 128.1127507528119], "Maritsa_Elia_Excited_v1.npy": [227.55697238183546, 257.4751304148711], "Maritsa_Elia_Happy_v1.npy": [192.85330444382174, 180.06221534240515], "Elena_Neutral_v1-01.npy": [1.8994045888196736, -69.40653183453487], "Elena_Tired_v2-01.npy": [133.60816650918457, -357.45549465959823], "Elena_Bored_v2-01.npy": [-81.87380577875332, 52.78875613483045], "Theodora_Annoyed-01.npy": [11.48817535326963, 261.5187870548695], "Anna_Charalambous_Active.npy": [-184.9752357201179, 203.03480189842296], "Anna_Charalambous_Sad.npy": [-51.8105145735759, -56.44170400591006], "Theodora_Relaxed-01.npy": [57.63427925305353, -126.2415900881079], "Andria_Happy_v2-01.npy": [-37.16156828985582, 27.52790419705417], "Vasso_Satisfied-01.npy": [142.87820687363774, 97.93482340998659], "Anna_Charalambous_Happy.npy": [-96.66463499257377, 10.26761096506741], "Vasso_Bored-01.npy": [-129.4961924232701, 165.0023574214654], "Elena_Excited_v2-01.npy": [-60.51178526816006, 66.41381768312446], "Theodora_Sad_2-01.npy": [41.38855656012334, -127.17497249231192], "Andria_Bored_v2-01.npy": [-71.15118095568226, 24.6392907223844], "Vasso_Satisfied_v1-01.npy": [155.46276166640138, -300.47429545945016], "Sophie_Bored-01.npy": [-201.63923378520994, 102.40049522250857], "Andria_Tired_v2-01.npy": [208.7875600243735, -244.08549651482195], "Vasso_Excited_v1-01.npy": [27.020313485475842, 14.488213829328835], "Sophie_Tired-01.npy": [278.283768269452, 45.614564798829875], "Sophie_Relaxed_new-01.npy": [17.617123840161376, -125.88670376024929], "Andria_Angry_v2-01.npy": [-119.8926976923732, 245.87827110685203], "Vasso_Relaxed-01.npy": [276.9093985355253, 238.41986695888576], "Vasso_Tired_v1.npy": [206.66432493617157, -286.2904870935097], "Andria_Satisfied_v2-01.npy": [69.69381072782677, -145.33241703031263], "Olivia_Relaxed-01.npy": [-65.01653833842468, -74.76675643138562], "Vasso_Annoyed-01.npy": [-43.66761656368797, 165.63296862216887], "Sophie_Miserable-01.npy": [-268.0477887349804, -376.0275882524472], "Vasso_Neutral_v2-01.npy": [60.427596606026086, -49.65911093584504], "Theodora_Tired-01.npy": [-10.355033983228793, -513.9710869078906], "Elena_Happy_v2-01.npy": [-22.845574037454764, 91.22625923791867], "Sophie_Annoyed-01.npy": [-298.0169787679013, -265.7716626914504], "Elena_Relaxed_v2-01.npy": [113.16905182876094, -108.86957032865527], "Sophie_Angry-01.npy": [-189.7903428606379, 119.60578840275272], "Olivia_Miserable-01.npy": [-225.38657926795742, -331.76876939702015], "Maritsa_Sad-01.npy": [255.1348166636337, 133.83192686487644], "Andria_Relaxed_v1_2-01.npy": [109.0072632551428, -97.37859570173651], "Theodora_Angry_3-01.npy": [-279.0658341349677, -142.04069372364148], "Theodora_Happy-01.npy": [-8.445015223671039, 26.265102265863835], "Vasso_Afraid_v1-01.npy": [-222.12850338102322, 290.6900147780043], "Theodora_Excited_2-01.npy": [-36.2058384638553, 16.02546215784677], "Sophie_Mix-01.npy": [-42.69531220179818, -137.27698031408156], "Elena_Afraid_v1-01.npy": [-186.1788069529071, 82.84886700789211], "Sophie_Happy-01.npy": [-98.2221572265961, -31.217974055562667], "Anna_Charalambous_Curiosity.npy": [-71.42901444485742, -14.829629713267044], "Theodora_Miserable-01.npy": [-73.921414482124, -36.17969541873366], "Vasso_Happy-01.npy": [282.9175944761955, 337.8401534994774], "Vasso_Mix-01.npy": [-78.19104963137406, 42.33692405733263], "Elena_Sad_v1-01.npy": [101.47503296399393, -131.4263913359199], "Andria_Sad_v1_3-01.npy": [126.66052402615227, -166.6516262516715], "Andria_Excited_v1-01.npy": [3.005972673924408, 33.24974545210619], "Theodora_Mix-01.npy": [114.57834499250475, 2.054644215707837], "Olivia_Angry.npy": [-93.14722317942122, 76.93454990503763], "Vasso_Tired.npy": [263.21199704084034, 189.33827388066322], "Elena_Pleased_v1-01.npy": [100.20396445483166, -60.629908979968604], "Elena_Miserable_v1-01.npy": [-64.08467646112459, 6.201618714354965], "Elena_Annoyed_v2-01.npy": [-80.66841090175554, 162.34843725188594], "Andria_Afraid_v2-01.npy": [-192.9239914674817, 281.19676195435693], "Andria_Satisfied_v1-01.npy": [112.22174854402145, -206.48866495284335], "Andria_Sad_v2-01.npy": [117.5804855684203, -47.74881869326896], "Olivia_Annoyed_2-01.npy": [59.79547233064905, 176.48582620858568], "Theodora_Satisfied-01.npy": [66.55081310856988, -178.78661628736353], "Maritsa_Afraid_2-01.npy": [-191.59524509412282, 163.01293703321466], "Andria_Angry_v1-01.npy": [-167.67725423342705, 215.01607969692122], "Vasso_Sad_v1-01.npy": [100.15656880920561, -182.60320678238926], "Elena_Satisfied_v2_2-01.npy": [199.22603154550131, -157.2537975007266], "Andria_Bored_v1-01.npy": [-124.76965396418554, 91.2907820810834], "Andria_Tired_v1-01.npy": [103.38288480215138, -308.74943434050624], "Elena_Excited_v1_1-01.npy": [3.8774180833053737, 104.80943852995979], "Vasso_Bored_v1-01.npy": [-53.67771208867963, 188.85027959761584], "Elena_Relaxed_v1-01.npy": [108.75672817858859, -93.18155997105183], "Elena_Happy_v1-01.npy": [-15.480595538193244, -7.094794141635558], "Elena_Satisfied_v1_1-01.npy": [147.08796464686327, -156.80914181977127], "Vasso_Angry_v1-01.npy": [-103.53091900413708, 256.34171671263414], "Anna_Charalambous_Angry.npy": [-219.6442659061149, 107.85889444377506], "Olivia_Satisfied-01.npy": [74.67554081535575, -58.25255943886133], "Vasso_Sad-01.npy": [298.09548082363716, 208.75752934874237], "Sophie_Afraid-01.npy": [-138.55792739283086, 84.92513248716621], "Elena_Tired_v1-01.npy": [137.77650247276003, -190.55502210567676], "Elena_Neutral_v2-01.npy": [28.487061979476767, -148.63962226060954], "Elena_Bored_v1-01.npy": [-66.3365863806499, 127.57850522268276],